"Participant","Stimulus","Rating_RT_Phase1","Condition","Enjoyable","Likeable","Pleasing","Expressive","Emotional","Participant","Stimulus","Rating_RT_Phase2","Confidence_label","by","all.x"
"yawbjcqgk1","Stimuli46","39675","AI",2,2,2,2,0,"yawbjcqgk1","Stimuli68","6143",6,"Participant",TRUE
"yawbjcqgk1","Stimuli61","17542","AI",2,2,2,4,4,"yawbjcqgk1","Stimuli40","1840",6,"Stimulus",TRUE
"yawbjcqgk1","Stimuli68","12897","AI",4,4,4,4,4,"yawbjcqgk1","Stimuli33","2819",0,"Participant",TRUE
"yawbjcqgk1","Stimuli52","12974","AI",1,1,1,1,1,"yawbjcqgk1","Stimuli34","2083",5,"Stimulus",TRUE
"yawbjcqgk1","Stimuli57","10079","AI",4,4,5,5,5,"yawbjcqgk1","Stimuli65","2365",5,"Participant",TRUE
"yawbjcqgk1","Stimuli5","20801","Human",5,5,5,5,5,"yawbjcqgk1","Stimuli62","3630",3,"Stimulus",TRUE
"yawbjcqgk1","Stimuli22","12570","Human",5,5,5,5,5,"yawbjcqgk1","Stimuli5","1770",2,"Participant",TRUE
"yawbjcqgk1","Stimuli33","9394","Human",5,5,5,5,5,"yawbjcqgk1","Stimuli22","1736",4,"Stimulus",TRUE
"yawbjcqgk1","Stimuli60","21544","AI",5,2,2,4,4,"yawbjcqgk1","Stimuli9","2441",5,"Participant",TRUE
"yawbjcqgk1","Stimuli34","14248","Human",3,3,3,3,3,"yawbjcqgk1","Stimuli45","1650",5,"Stimulus",TRUE
"yawbjcqgk1","Stimuli48","11430","AI",5,5,5,5,5,"yawbjcqgk1","Stimuli58","1750",5,"Participant",TRUE
"yawbjcqgk1","Stimuli20","9107","Human",5,5,5,5,5,"yawbjcqgk1","Stimuli56","2360",5,"Stimulus",TRUE
"yawbjcqgk1","Stimuli15","13575","Human",3,1,1,2,2,"yawbjcqgk1","Stimuli28","1799",5,"Participant",TRUE
"yawbjcqgk1","Stimuli47","7781","AI",4,4,4,4,4,"yawbjcqgk1","Stimuli10","1490",5,"Stimulus",TRUE
"yawbjcqgk1","Stimuli12","15817","Human",3,3,3,3,3,"yawbjcqgk1","Stimuli19","1167",0,"Participant",TRUE
"yawbjcqgk1","Stimuli8","8918","Human",4,4,4,4,4,"yawbjcqgk1","Stimuli51","1715",3,"Stimulus",TRUE
"yawbjcqgk1","Stimuli45","12655","AI",5,5,5,5,5,"yawbjcqgk1","Stimuli48","1519",5,"Participant",TRUE
"yawbjcqgk1","Stimuli38","9540","AI",6,6,6,6,6,"yawbjcqgk1","Stimuli64","1619",3,"Stimulus",TRUE
"yawbjcqgk1","stimuli3","10574","Human",4,4,4,4,4,"yawbjcqgk1","Stimuli23","1194",3,"Participant",TRUE
"yawbjcqgk1","Stimuli40","10407","AI",1,1,1,1,1,"yawbjcqgk1","Stimuli59","1718",5,"Stimulus",TRUE
"yawbjcqgk1","Stimuli66","10307","AI",4,4,4,4,4,"yawbjcqgk1","Stimuli46","1370",5,"Participant",TRUE
"yawbjcqgk1","Stimuli53","10575","AI",1,1,1,1,1,"yawbjcqgk1","Stimuli53","2738",5,"Stimulus",TRUE
"yawbjcqgk1","Stimuli35","14071","Human",3,3,3,3,3,"yawbjcqgk1","Stimuli61","1729",3,"Participant",TRUE
"yawbjcqgk1","Stimuli42","16955","AI",0,0,0,0,0,"yawbjcqgk1","Stimuli57","1815",6,"Stimulus",TRUE
"yawbjcqgk1","Stimuli64","9830","AI",4,4,4,4,4,"yawbjcqgk1","Stimuli20","1369",0,"Participant",TRUE
"yawbjcqgk1","Stimuli67","9137","AI",5,5,5,5,5,"yawbjcqgk1","Stimuli52","1690",6,"Stimulus",TRUE
"yawbjcqgk1","Stimuli59","8924","AI",5,5,5,5,5,"yawbjcqgk1","Stimuli67","1448",5,"Participant",TRUE
"yawbjcqgk1","Stimuli29","8117","Human",1,1,1,1,1,"yawbjcqgk1","Stimuli13","1497",3,"Stimulus",TRUE
"yawbjcqgk1","Stimuli36","10277","Human",3,3,3,3,3,"yawbjcqgk1","Stimuli35","1472",6,"Participant",TRUE
"yawbjcqgk1","Stimuli41","16386","AI",2,2,2,4,1,"yawbjcqgk1","Stimuli12","1385",3,"Stimulus",TRUE
"yawbjcqgk1","Stimuli37","17660","AI",4,4,4,4,3,"yawbjcqgk1","Stimuli49","1161",3,"Participant",TRUE
"yawbjcqgk1","Stimuli13","7932","Human",3,3,3,3,3,"yawbjcqgk1","stimuli4","2328",5,"Stimulus",TRUE
"yawbjcqgk1","stimuli4","8402","Human",4,4,4,4,4,"yawbjcqgk1","Stimuli37","2040",5,"Participant",TRUE
"yawbjcqgk1","Stimuli11","9818","Human",4,4,4,4,4,"yawbjcqgk1","Stimuli39","1753",3,"Stimulus",TRUE
"yawbjcqgk1","stimuli2","13775","Human",3,3,2,3,3,"yawbjcqgk1","Stimuli54","1032",3,"Participant",TRUE
"yawbjcqgk1","Stimuli25","9784","Human",1,1,1,1,0,"yawbjcqgk1","Stimuli69","1564",6,"Stimulus",TRUE
"yawbjcqgk1","stimuli1","8593","Human",4,4,4,4,4,"yawbjcqgk1","stimuli2","1826",0,"Participant",TRUE
"yawbjcqgk1","Stimuli26","12560","Human",2,2,2,2,4,"yawbjcqgk1","Stimuli8","1250",4,"Stimulus",TRUE
"yawbjcqgk1","Stimuli28","11258","Human",2,2,2,2,2,"yawbjcqgk1","Stimuli11","2103",4,"Participant",TRUE
"yawbjcqgk1","Stimuli51","7843","AI",2,2,2,2,2,"yawbjcqgk1","Stimuli60","2476",5,"Stimulus",TRUE
"yawbjcqgk1","Stimuli62","9603","AI",2,2,2,2,2,"yawbjcqgk1","Stimuli14","1537",0,"Participant",TRUE
"yawbjcqgk1","Stimuli65","19762","AI",0,0,0,1,1,"yawbjcqgk1","Stimuli24","1471",4,"Stimulus",TRUE
"yawbjcqgk1","Stimuli10","16823","Human",0,0,0,0,1,"yawbjcqgk1","Stimuli42","1530",2,"Participant",TRUE
"yawbjcqgk1","Stimuli24","8769","Human",2,1,1,1,1,"yawbjcqgk1","Stimuli29","1570",6,"Stimulus",TRUE
"yawbjcqgk1","Stimuli54","9636","AI",1,1,1,1,1,"yawbjcqgk1","Stimuli38","1649",6,"Participant",TRUE
"yawbjcqgk1","Stimuli9","12578","Human",4,4,4,4,4,"yawbjcqgk1","Stimuli17","1561",3,"Stimulus",TRUE
"yawbjcqgk1","Stimuli30","9189","Human",0,0,0,0,0,"yawbjcqgk1","Stimuli43","1217",0,"Participant",TRUE
"yawbjcqgk1","Stimuli31","8464","Human",4,4,4,4,3,"yawbjcqgk1","Stimuli6","1465",5,"Stimulus",TRUE
"yawbjcqgk1","Stimuli63","8080","AI",2,2,2,2,2,"yawbjcqgk1","Stimuli26","1567",5,"Participant",TRUE
"yawbjcqgk1","Stimuli21","9711","Human",3,3,3,3,3,"yawbjcqgk1","stimuli1","1246",5,"Stimulus",TRUE
"yawbjcqgk1","Stimuli39","11528","AI",1,1,1,1,1,"yawbjcqgk1","Stimuli25","1144",5,"Participant",TRUE
"yawbjcqgk1","Stimuli69","12458","AI",5,5,5,5,5,"yawbjcqgk1","Stimuli36","1391",0,"Stimulus",TRUE
"yawbjcqgk1","Stimuli14","8424","Human",3,3,3,3,3,"yawbjcqgk1","Stimuli27","3336",5,"Participant",TRUE
"yawbjcqgk1","Stimuli23","7049","Human",3,3,3,3,3,"yawbjcqgk1","Stimuli41","2313",6,"Stimulus",TRUE
"yawbjcqgk1","Stimuli7","12077","Human",1,1,1,1,1,"yawbjcqgk1","Stimuli21","2761",0,"Participant",TRUE
"yawbjcqgk1","Stimuli27","8893","Human",4,4,4,4,4,"yawbjcqgk1","stimuli3","1453",0,"Stimulus",TRUE
"yawbjcqgk1","Stimuli17","7361","Human",1,1,1,1,1,"yawbjcqgk1","Stimuli44","1392",0,"Participant",TRUE
"yawbjcqgk1","Stimuli49","8018","AI",1,1,1,1,1,"yawbjcqgk1","Stimuli47","2105",0,"Stimulus",TRUE
"yawbjcqgk1","Stimuli56","7456","AI",0,0,0,0,0,"yawbjcqgk1","Stimuli55","1780",5,"Participant",TRUE
"yawbjcqgk1","Stimuli44","8404","AI",4,4,4,4,4,"yawbjcqgk1","Stimuli50","1762",6,"Stimulus",TRUE
"yawbjcqgk1","Stimuli43","10387","AI",2,2,2,2,2,"yawbjcqgk1","Stimuli31","1402",0,"Participant",TRUE
"yawbjcqgk1","Stimuli19","11802","Human",2,2,2,2,2,"yawbjcqgk1","Stimuli30","1243",0,"Stimulus",TRUE
"yawbjcqgk1","Stimuli50","19854","AI",1,1,3,4,4,"yawbjcqgk1","Stimuli63","1419",6,"Participant",TRUE
"yawbjcqgk1","Stimuli58","12705","AI",1,1,1,4,4,"yawbjcqgk1","Stimuli66","1314",0,"Stimulus",TRUE
"yawbjcqgk1","Stimuli55","11548","AI",1,1,1,4,4,"yawbjcqgk1","Stimuli15","1570",6,"Participant",TRUE
"yawbjcqgk1","Stimuli6","8455","Human",3,3,3,3,3,"yawbjcqgk1","Stimuli7","1553",0,"Stimulus",TRUE
